-- phpMyAdmin SQL Dump
-- version 4.1.14
-- http://www.phpmyadmin.net
--
-- Host: 127.0.0.1
-- Generation Time: 2015-09-08 09:49:34
-- 服务器版本： 5.6.17
-- PHP Version: 5.5.12

SET SQL_MODE = "NO_AUTO_VALUE_ON_ZERO";
SET time_zone = "+00:00";


/*!40101 SET @OLD_CHARACTER_SET_CLIENT=@@CHARACTER_SET_CLIENT */;
/*!40101 SET @OLD_CHARACTER_SET_RESULTS=@@CHARACTER_SET_RESULTS */;
/*!40101 SET @OLD_COLLATION_CONNECTION=@@COLLATION_CONNECTION */;
/*!40101 SET NAMES utf8 */;

--
-- Database: `yawei001`
--

-- --------------------------------------------------------

--
-- 表的结构 `admin`
--

CREATE TABLE IF NOT EXISTS `admin` (
  `userID` varchar(30) NOT NULL,
  `userName` varchar(30) NOT NULL,
  `password` varchar(30) NOT NULL,
  PRIMARY KEY (`userID`)
) ENGINE=InnoDB DEFAULT CHARSET=utf8;

--
-- 转存表中的数据 `admin`
--

INSERT INTO `admin` (`userID`, `userName`, `password`) VALUES
('001', 'admin', 'admin'),
('3', '3', '3');

-- --------------------------------------------------------

--
-- 表的结构 `answer_record`
--

CREATE TABLE IF NOT EXISTS `answer_record` (
  `answerID` varchar(30) NOT NULL,
  `recordID` varchar(30) NOT NULL,
  `exerciseID` int(30) NOT NULL,
  `type` enum('look','listen','key','choice','filling','question') NOT NULL,
  `costTime` int(5) NOT NULL DEFAULT '9999',
  `ratio_accomplish` float NOT NULL DEFAULT '0',
  `ratio_correct` float NOT NULL DEFAULT '0',
  `answer` text NOT NULL,
  `createPerson` int(30) NOT NULL,
  `createTime` datetime NOT NULL,
  PRIMARY KEY (`answerID`)
) ENGINE=InnoDB DEFAULT CHARSET=utf8;

--
-- 转存表中的数据 `answer_record`
--

INSERT INTO `answer_record` (`answerID`, `recordID`, `exerciseID`, `type`, `costTime`, `ratio_accomplish`, `ratio_correct`, `answer`, `createPerson`, `createTime`) VALUES
('2610051588', '2566125580', 1, 'listen', 71, 0.061597, 0.0606742, '有一年春天，在瑞士的，一列漂亮舒适的列车，燕子是候鸟。', 10, '2015-06-18 17:39:55'),
('2610172009', '2566125580', 2, 'listen', 22, 0.0110243, 0.0107672, 'zh中国国际救援队.', 10, '2015-06-29 20:51:45'),
('2610330308', '2566125580', 1, 'look', 99999, 0, 0, 'sddsafasdasd', 10, '2015-06-11 17:25:35'),
('2610363865', '2566125580', 3, 'look', 99999, 0, 0, '　　　　据新华社柏林', 10, '2015-05-26 11:19:23'),
('2610417607', '2566125580', 1, 'key', 99999, 0, 0, 'A:A A:N A:A A:N A:A A:A A:A A:A A:A A:A N:N N:N N:N N:N N:N N:N N:N N: I:I I:I I:I I:I I:I I:I U:U U:U U:U W:W W:W W:W A:N', 10, '2015-05-26 11:20:17'),
('2610453191', '2566125580', 2, 'key', 99999, 0, 0, 'A: N: I: G: D: :D :G :I :N :A :O O: E: :E U: :U W: :W Z: :Z :O X:', 10, '2015-05-26 11:20:53'),
('2621926132', '2566125580', 1, 'choice', 99999, 0, 0, 'C', 10, '2015-05-26 14:34:03'),
('2621926929', '2566125580', 2, 'choice', 99999, 0, 0, 'D', 10, '2015-05-26 14:34:13'),
('2622156420', '2566125580', 1, 'filling', 99999, 0, 0, 'jj', 10, '2015-05-26 14:49:38'),
('2622852029', '2566125580', 1, 'question', 99999, 0, 0, 'jjjjjjjjjjjjjjjjjjjjjjjjjjjjjjjjjjjjjjjjjjjjjjjjjjjjjjj', 10, '2015-05-26 14:49:38'),
('2732451532', '2732451644', 1, 'listen', 16, 0.0114068, 0.011236, '有一年春天', 10, '2015-06-19 10:21:55'),
('2821811968', '2732451644', 1, 'look', 10, 0.00634249, 0.00634249, '钱塘江', 10, '2015-06-19 10:23:07'),
('2821930061', '2732451644', 1, 'choice', 99999, 1, 1, 'A', 10, '2015-05-28 22:08:16'),
('2821930140', '2732451644', 1, 'filling', 99999, 0.5, 0.7, '33333', 10, '2015-05-28 22:08:16'),
('2821931848', '2732451644', 1, 'question', 99999, 0.8, 0.9, '公关广告公关广告个', 10, '2015-05-28 22:30:57'),
('4373378230', '2732451644', 2, 'look', 117, 1, 0.934426, '    1985年asdsad节是个令人难忘的日子。    这天，万里无云春风拂面。在天坛公园植树的人群里，81岁高龄的邓小平爷爷格外引人注目。asdkjashk见他手握铁锹，兴致勃勃地挖着树坑，额头akjshdaksjd已经布满汗珠，仍不肯休息。    一个树坑挖好了，lksalkjdsalkj爷挑选了一棵柏小心地移人树坑，又挥锹填了几锹土，他站到几步以外仔细看看，觉得，连声说：“不行，不行！”又走上前把sadasd树苗扶正。oiausdoi', 10, '2015-06-17 17:42:46'),
('5485296953', '5485296065', 2, 'listen', 9, 0.00413413, 0.00403769, '救援队', 10, '2015-06-29 20:53:40'),
('5485479642', '5485296065', 1, 'look', 7, 0.00493305, 0, 'djdjdjd', 10, '2015-06-29 20:42:04'),
('5496083173', '5485296065', 1, 'listen', 435, 0.0418251, 0.0224719, 'yanzizhuanlie燕子专列有一年春天......。。。', 10, '2015-06-29 21:17:05'),
('5502020712', '2566125580', 3, 'listen', 4, 0, 0, '', 10, '2015-06-28 22:33:40'),
('5502287302', '5502287245', 2, 'listen', 24, 0.00643087, 0, 'kjdslkasjdfl;j', 10, '2015-06-28 22:38:07'),
('5581753060', '2566125580', 2, 'look', 12, 0.042885, 0.0273224, '植树节 不辞能够', 10, '2015-06-29 20:52:16'),
('5582368838', '5502287245', 1, 'listen', 15, 0.00912547, 0.00898876, '子燕专列', 10, '2015-06-29 20:52:48'),
('6406028646', '6406027094', 1, 'listen', 2072, 0, 0, '', 1, '2015-07-09 09:40:28'),
('7015334889', '7015334687', 1, 'choice', 9999, 0, 0, 'C', 1, '2015-08-03 21:50:44'),
('7028652842', '7015334687', 1, 'filling', 9999, 0, 0, '33', 1, '2015-08-03 21:51:04'),
('7029245728', '7015334687', 1, 'question', 9999, 0, 0, 'qwwqeqweq', 1, '2015-08-03 21:51:09'),
('7034061269', '7015334687', 1, 'key', 43, 1, 0.333333, 'I:I I:I I:I :A A:A A:A A: A: A:N A:N A:N A:N A:N A:A A:A A:A A:A A: :N N: :N A:N A:N A:N A:N A:N A:A A:A A:A A:A A:A A:A A:A A:A A:N N:N N:N N:N N:N N:N N:N N:N N:N N:N N:N I:I I:I I:I I:I I:I I:I', 1, '2015-07-20 21:34:31'),
('7035200647', '7015334687', 2, 'key', 105, 1, 0.387978, '    1985年的植树节是个令人难忘的日子。    这天，万里无云春风拂面。在天坛公园指数的人群里，81岁高龄的邓爷爷格外。。。。。。有走上前去，把树苗扶正。', 1, '2015-07-19 17:31:32'),
('7209453550', '6406027094', 2, 'choice', 9999, 0, 0, 'B', 1, '2015-07-18 16:50:53'),
('7209462820', '6406027094', 1, 'filling', 9999, 0, 0, '90', 1, '2015-07-18 16:51:02'),
('7209555238', '6406027094', 1, 'key', 33, 0.76, 0.0292135, '燕子专列，有一年春天，在欧洲日是的一列', 1, '2015-07-18 16:56:55'),
('7209745396', '6406027094', 2, 'key', 33, 0.574074, 0.0349933, '中国国际救援队，真棒！中国国际救援队，真棒。。。，，。，。，。', 1, '2015-07-18 16:57:32'),
('7296144845', '7296143170', 1, 'filling', 9999, 0, 0, '阿斯顿', 1, '2015-07-19 16:55:44'),
('7296154903', '7296143170', 1, 'question', 9999, 0, 0, '你们好。', 1, '2015-07-19 16:55:54'),
('7399190008', '7015334687', 2, 'look', 9, 0.0350877, 0.0327869, '植树节。。。', 1, '2015-07-20 21:33:10'),
('7399208457', '7015334687', 1, 'listen', 7, 0.0205323, 0.0202247, '燕子。。燕子。。。', 1, '2015-07-20 21:33:28'),
('8585519911', '8585519034', 1, 'look', 10, 0.00634249, 0.00634249, '钱塘江', 1, '2015-08-03 15:05:19');

-- --------------------------------------------------------

--
-- 表的结构 `bulletin_lesson_1`
--

CREATE TABLE IF NOT EXISTS `bulletin_lesson_1` (
  `id` int(11) NOT NULL AUTO_INCREMENT,
  `content` text,
  `time` datetime DEFAULT NULL,
  `classID` varchar(30) NOT NULL,
  PRIMARY KEY (`id`)
) ENGINE=InnoDB  DEFAULT CHARSET=utf8 AUTO_INCREMENT=120 ;

--
-- 转存表中的数据 `bulletin_lesson_1`
--

INSERT INTO `bulletin_lesson_1` (`id`, `content`, `time`, `classID`) VALUES
(1, '今天我们YII', '0000-00-00 00:00:00', '1'),
(2, '这节课还不错', '0000-00-00 00:00:00', '1'),
(3, '哈', '2012-00-00 00:00:00', ''),
(4, '哈', '2012-00-00 00:00:00', ''),
(5, '今天的通告是这样的', '0000-00-00 00:00:00', ''),
(6, '这还不是最新的', '0000-00-00 00:00:00', ''),
(7, '现在的这个是最新的', '0000-00-00 00:00:00', ''),
(8, '不知道该说点什么', '0000-00-00 00:00:00', ''),
(9, '修改一下', '0000-00-00 00:00:00', ''),
(10, '修改一下', '0000-00-00 00:00:00', ''),
(11, '最新的通告', '0000-00-00 00:00:00', ''),
(12, '现在开始上课', '0000-00-00 00:00:00', ''),
(13, '现在开始上课老K', '0000-00-00 00:00:00', ''),
(14, '现在开始上课老K', '0000-00-00 00:00:00', ''),
(15, '抢一万：老K VS 辉辉', '0000-00-00 00:00:00', ''),
(16, '什么都隐瞒不聊了的', '0000-00-00 00:00:00', ''),
(17, '什么都隐瞒不聊了的 吧', '0000-00-00 00:00:00', ''),
(18, '最新通知：不知道怎么样', '0000-00-00 00:00:00', ''),
(19, '最新的', '0000-00-00 00:00:00', ''),
(20, '今天这节课主要是视频点播功能', '0000-00-00 00:00:00', ''),
(21, '今天这节课主要是视频点播功能的讲解', '0000-00-00 00:00:00', ''),
(22, 'websocket相关知识', '0000-00-00 00:00:00', ''),
(23, '发一个通告吧', '0000-00-00 00:00:00', ''),
(24, '所有同学都不要讲话了', '0000-00-00 00:00:00', ''),
(25, '还在讲话', '0000-00-00 00:00:00', ''),
(26, '', '0000-00-00 00:00:00', ''),
(27, '虚拟课堂教学', '0000-00-00 00:00:00', ''),
(28, '信令服务器还需要移动到本地来', '0000-00-00 00:00:00', ''),
(29, '好消息是', '0000-00-00 00:00:00', ''),
(30, 'TODO', '0000-00-00 00:00:00', ''),
(31, '需要将信令服务器移动到本地', '0000-00-00 00:00:00', ''),
(32, '移动到本地', '0000-00-00 00:00:00', ''),
(33, '老师可以编辑', '0000-00-00 00:00:00', ''),
(34, '1. 新的消息是这样的', '0000-00-00 00:00:00', ''),
(35, '1. 新的消息是这样的', '0000-00-00 00:00:00', ''),
(36, '1. 新的消息是这样的', '0000-00-00 00:00:00', ''),
(37, '1. 新的消息是这样的', '0000-00-00 00:00:00', ''),
(38, '1. 新的消息是这样的 j vcj', '0000-00-00 00:00:00', ''),
(39, '1. 新的消息是这样的 j vcj', '0000-00-00 00:00:00', ''),
(40, '1. 新的消息是这样的 j vcj', '0000-00-00 00:00:00', ''),
(41, '1. 新的消息是这样的 j vcj', '0000-00-00 00:00:00', ''),
(42, '1. 新的消息是这样的 j vcj', '0000-00-00 00:00:00', ''),
(43, '1. 新的消息是这样的 j vcj', '0000-00-00 00:00:00', ''),
(44, '1. 新的消息是这样的 j vcj', '0000-00-00 00:00:00', ''),
(45, '1. 新的消息是这样的 j vcj', '0000-00-00 00:00:00', ''),
(46, '这里暂时没有公告,有公告会通知大家!', '0000-00-00 00:00:00', ''),
(47, '这里暂时没有公告,有公告会通知大家!', '0000-00-00 00:00:00', ''),
(48, '这里暂时没有公告,有公告会通知大家!', '0000-00-00 00:00:00', ''),
(49, '这里暂时没有公告,有公告会通知大家!', '0000-00-00 00:00:00', ''),
(50, '这里暂时没有公告,有公告会通知大家!', '0000-00-00 00:00:00', ''),
(51, '这里暂时没有公告,有公告会通知大家!', '0000-00-00 00:00:00', ''),
(52, '这里暂时没有公告,有公告会通知大家!', '0000-00-00 00:00:00', ''),
(53, '这里暂时没有公告,有公告会通知大家!', '0000-00-00 00:00:00', ''),
(54, '这里暂时没有公告,有公告会通知大家!', '0000-00-00 00:00:00', ''),
(55, '这里暂时没有公告,有公告会通知大家!', '0000-00-00 00:00:00', ''),
(56, '这里暂时没有公告,有公告会通知大家!', '0000-00-00 00:00:00', ''),
(57, '这里暂时没有公告,有公告会通知大家的!', '0000-00-00 00:00:00', ''),
(58, '这里暂时没有公告,有公告会通知大家的!', '0000-00-00 00:00:00', ''),
(59, '这里暂时没有公告,有公告会通知大家的!', '0000-00-00 00:00:00', ''),
(60, '这里暂时没有公告,有公告会通知大家的!', '0000-00-00 00:00:00', ''),
(61, '这里暂时没有公告,有公告会通知大家的!', '0000-00-00 00:00:00', ''),
(62, '这里暂时没有公告,有公告会通知大家的!', '0000-00-00 00:00:00', ''),
(63, '这里暂时没有公告,有公告会通知大家的!', '0000-00-00 00:00:00', ''),
(64, '这里暂时没有公告,有公告会通知大家的!', '0000-00-00 00:00:00', ''),
(65, '这里暂时没有公告,有公告会通知大家的!', '0000-00-00 00:00:00', ''),
(66, '这里暂时没有公告,有公告会通知大家的!', '0000-00-00 00:00:00', ''),
(67, '这里暂时没有公告,有公告会通知大家的!', '0000-00-00 00:00:00', ''),
(68, '这里暂时没有公告,有公告会通知大家的!', '0000-00-00 00:00:00', ''),
(69, '这里暂时没有公告,有公告会通知大家的!', '0000-00-00 00:00:00', ''),
(70, '这里暂时没有公告,有公告会通知大家的!', '0000-00-00 00:00:00', ''),
(71, '这里暂时没有公告,有公告会通知大家的!', '0000-00-00 00:00:00', ''),
(72, '这里暂时没有公告,有公告会通知大家的!', '0000-00-00 00:00:00', ''),
(73, '这里暂时没有公告,有公告会通知大家的!', '0000-00-00 00:00:00', ''),
(74, '这里暂时没有公告,有公告会通知大家的!', '0000-00-00 00:00:00', ''),
(75, '这里暂时没有公告,有公告会通知大家的!', '0000-00-00 00:00:00', ''),
(76, '这里暂时没有公告,有公告会通知大家的!', '0000-00-00 00:00:00', ''),
(77, '这里暂时没有公告,有公告会通知大家的!', '0000-00-00 00:00:00', ''),
(78, '这里暂时没有公告,有公告会通知大家的!', '0000-00-00 00:00:00', ''),
(79, '这里暂时没有公告,有公告会通知大家的!', '0000-00-00 00:00:00', ''),
(80, '这里暂时没有公告,有公告会通知大家的!', '0000-00-00 00:00:00', ''),
(81, '这里暂时没有公告,有公告会通知大家的!', '0000-00-00 00:00:00', ''),
(82, '这里暂时没有公告,有公告会通知大家的!', '0000-00-00 00:00:00', ''),
(83, '        这里暂时没有公告,有公告会通知大家的.     ', '0000-00-00 00:00:00', ''),
(84, '        这里暂时没有公告,有公告会通知大家的.     ', '0000-00-00 00:00:00', ''),
(85, '        这里暂时没有公告,有公告会通知大家的.     ', '0000-00-00 00:00:00', ''),
(86, '        这里暂时没有公告,有公告会通知大家的. 从曹操', '0000-00-00 00:00:00', ''),
(87, '        这里暂时没有公告,有公告会通知', '0000-00-00 00:00:00', ''),
(88, '        这里暂时没有公告,有公告会通知大家的。大较好，你', '0000-00-00 00:00:00', ''),
(89, '        这里暂时没有公告,有公告会通知大家的。                                                                        大家好，你们辛苦。今天放假了！', '0000-00-00 00:00:00', ''),
(90, '        这里暂时没有公告,有公告会通知大家的。                                                                        大家好，你们辛苦。今天放假了！uiyui', '0000-00-00 00:00:00', ''),
(91, '        这里暂时没有公告,有公告会通知大家的。                                                                        大家好，你们辛苦。今天放假了！uiyui', '0000-00-00 00:00:00', ''),
(92, '        这里暂时没有公告,有公告会通知大家的。                                                                        大家好，你们辛苦。今天放假了！uiyui', '0000-00-00 00:00:00', ''),
(93, '        这里暂时没有公告,有公告会通知大家的。                                                                        大家好，你们辛苦。今天放假了！uiyui', '0000-00-00 00:00:00', ''),
(94, '        这里暂时没有公告,有公告会通知大家的。                                                                        大家好，你们辛苦。今天放假了！uiyui', '0000-00-00 00:00:00', ''),
(95, '        这里暂时没有公告,有公告会通知大家的。                                                                        大家好，你们辛苦。今天放假了！uiyui', '0000-00-00 00:00:00', ''),
(96, '        这里暂时没有公告,有公告会通知大家的。                                                                        大家好，你们辛苦。今天放假了！uiyui', '0000-00-00 00:00:00', ''),
(97, '        这里暂时没有公告,有公告会通知大家的。                                                                        大家好，你们辛苦。今天放假了！uiyui', '0000-00-00 00:00:00', ''),
(98, '        这里暂时没有公告,有公告会通知大家的。                                                                        大家好，你们辛苦。今天放假了！uiyui', '0000-00-00 00:00:00', ''),
(99, '        这里暂时没有公告,有公告会通知大家的。                                                                        大家好，你们辛苦。今天放假了！uiyui', '0000-00-00 00:00:00', ''),
(100, '        这里暂时没有公告,有公告会通知大家的。                                                                        大家好，你们辛苦。今天放假了！uiyui', '0000-00-00 00:00:00', ''),
(101, '        这里暂时没有公告,有公告会通知大家的。                                                                        大家好，你们辛苦。今天放假了！uiyui', '0000-00-00 00:00:00', ''),
(102, '        这里暂时没有公告,有公告会通知大家的。                                                                        大家好，你们辛苦。今天放假了！uiyui', '0000-00-00 00:00:00', ''),
(103, '        这里暂时没有公告,有公告会通知大家的。                                                                        大家好，你们辛苦。今天放假了！uiyui', '0000-00-00 00:00:00', ''),
(104, '        这里暂时没有公告,有公告会通知大家的。                                                                        大家好，你们辛苦。今天放假了！uiyui', '0000-00-00 00:00:00', ''),
(105, '        这里暂时没有公告,有公告会通知大家的。                                                                        大家好，你们辛苦。今天放假了！', '0000-00-00 00:00:00', ''),
(106, '        这里暂时没有公告,有公告会通知大家的。                                                                        大家好，你们辛苦。今天放假了！ggg', '0000-00-00 00:00:00', ''),
(107, '        这里暂时没有公告,有公告会通知大家的。                                                                        大家好，你们辛苦。今天放假了！ggg', '0000-00-00 00:00:00', ''),
(108, '    下周开始考试，大家好好复习。', '0000-00-00 00:00:00', ''),
(109, '    下周开始考试，大家好好复习。', '0000-00-00 00:00:00', ''),
(110, '    下周开始考试，大家好好复习。', '0000-00-00 00:00:00', ''),
(111, '    下周开始考试，大家好好复习。', '0000-00-00 00:00:00', ''),
(112, '    下周开始考试，大家好好复习。', '0000-00-00 00:00:00', ''),
(113, '    测试一下公告，现在是8月25号。', '0000-00-00 00:00:00', ''),
(114, '    测试一下公告222，现在是8月25号。', '0000-00-00 00:00:00', ''),
(115, '    测试一下公告23333333322，现在是8月25号。', '2015-08-26 17:38:16', '1'),
(116, '    测试一下公告44444，现在是8月25号。', '2015-08-26 17:41:18', '1'),
(117, '    公告测试，这是二班。。', '2015-08-26 17:56:14', '2'),
(118, '    测试一下公告55555，现在是8月25号。', '2015-08-26 20:49:18', '1'),
(119, '    公告测试，这是二班1111111111。。', '2015-08-26 20:49:41', '2');

-- --------------------------------------------------------

--
-- 表的结构 `chat_lesson_1`
--

CREATE TABLE IF NOT EXISTS `chat_lesson_1` (
  `id` int(11) NOT NULL AUTO_INCREMENT,
  `username` varchar(32) DEFAULT NULL,
  `chat` varchar(128) DEFAULT NULL,
  `time` datetime DEFAULT NULL,
  `classID` varchar(30) NOT NULL,
  PRIMARY KEY (`id`)
) ENGINE=InnoDB  DEFAULT CHARSET=utf8 AUTO_INCREMENT=74 ;

--
-- 转存表中的数据 `chat_lesson_1`
--

INSERT INTO `chat_lesson_1` (`id`, `username`, `chat`, `time`, `classID`) VALUES
(1, 'sunpy', '老师今天上什么课程？', '2012-11-00 00:00:00', ''),
(2, 'sunpy', '今天会将如何使用YII框架', '2012-11-11 00:00:00', ''),
(3, 'teacher', '我们知道么？', '0000-00-00 00:00:00', ''),
(4, 'teacher', '好吧，开始上课吧', '0000-00-00 00:00:00', ''),
(5, 'sunpy', '聊些什么内容呢', '2012-00-00 00:00:00', ''),
(6, 'teacher', '我知道了', '0000-00-00 00:00:00', ''),
(7, 'teacher', '哎呀，这里的消息好乱啊', '0000-00-00 00:00:00', ''),
(8, 'teacher', '从别的地方加的数据', '0000-00-00 00:00:00', ''),
(9, 'teacher', '是否可以较快的更新出来', '0000-00-00 00:00:00', ''),
(10, 'teacher', '更新的速度是大约1秒左右', '0000-00-00 00:00:00', ''),
(11, 'student', '我想问个问题', '0000-00-00 00:00:00', ''),
(12, 'teacher', '什么问题', '0000-00-00 00:00:00', ''),
(13, 'student', '不知道', '0000-00-00 00:00:00', ''),
(14, 'student', '滚动条是否可以自动滚滚东', '0000-00-00 00:00:00', ''),
(15, 'student', '那么滚动条呢', '0000-00-00 00:00:00', ''),
(16, 'student', '好像还是没有啊', '0000-00-00 00:00:00', ''),
(17, 'student', '到底是有多高呢', '0000-00-00 00:00:00', ''),
(18, 'teacher', '随机消息', '0000-00-00 00:00:00', ''),
(19, 'student', '好多的问题', '0000-00-00 00:00:00', ''),
(20, 'student', '不知道为什么摄像头的数据有时候传不过来', '0000-00-00 00:00:00', ''),
(21, 'teacher', '就这个是好的', '0000-00-00 00:00:00', ''),
(22, 'teacher', '今天的消息', '0000-00-00 00:00:00', ''),
(23, 'teacher', '机器蓝屏了', '0000-00-00 00:00:00', ''),
(24, 'student', '恢复一次好慢', '0000-00-00 00:00:00', ''),
(25, 'student', '应该没有差别的', '0000-00-00 00:00:00', ''),
(26, 'teacher', '最新的', '0000-00-00 00:00:00', ''),
(27, 'teacher', '写一条', '0000-00-00 00:00:00', ''),
(28, 'teacher', '月24日', '0000-00-00 00:00:00', ''),
(29, 'student', '纠结的性格害自己也害别人', '0000-00-00 00:00:00', ''),
(30, 'teacher', '你后悔娶她么？', '0000-00-00 00:00:00', ''),
(31, 'student', '发一个问题', '0000-00-00 00:00:00', ''),
(32, 'teacher', '', '0000-00-00 00:00:00', ''),
(33, 'teacher', 'sdasda', '0000-00-00 00:00:00', ''),
(34, 'teacher', 'asdasdasadasdas', '0000-00-00 00:00:00', ''),
(35, 'teacher', 'asdasdasdas', '0000-00-00 00:00:00', ''),
(36, 'teacher', '大大谁打扫打扫', '0000-00-00 00:00:00', ''),
(37, 'teacher', '谁大谁打扫打扫', '0000-00-00 00:00:00', ''),
(38, 'teacher', '谁大谁打扫打扫', '0000-00-00 00:00:00', ''),
(39, 'teacher', '撒打算打算', '0000-00-00 00:00:00', ''),
(40, 'teacher', '问题', '0000-00-00 00:00:00', ''),
(41, 'teacher', '请说', '0000-00-00 00:00:00', ''),
(42, 'teacher', 'table为什么会这样', '0000-00-00 00:00:00', ''),
(43, 'teacher', '您有一条新的消息请查收', '0000-00-00 00:00:00', ''),
(44, 'teacher', '没法儿把他们两个互相排斥掉', '0000-00-00 00:00:00', ''),
(45, 'teacher', '所以只好把他们两个做成标签的形式', '0000-00-00 00:00:00', ''),
(46, 'teacher', '消息', '0000-00-00 00:00:00', ''),
(47, 'teacher', '消息', '0000-00-00 00:00:00', ''),
(48, 'student', '测试', '0000-00-00 00:00:00', ''),
(49, 'student', '测试二', '0000-00-00 00:00:00', ''),
(50, 'teacher', '老师的消息', '0000-00-00 00:00:00', ''),
(51, 'teacher', '您有新的消息请查收', '0000-00-00 00:00:00', ''),
(52, 'teacher', '你们好', '0000-00-00 00:00:00', ''),
(53, 'student', '同学们好！', '0000-00-00 00:00:00', ''),
(54, 'teacher', '你们好', '0000-00-00 00:00:00', ''),
(55, 'student', '', '0000-00-00 00:00:00', ''),
(56, 'student', 'test', '0000-00-00 00:00:00', ''),
(57, 'teacher', '大酒店基督教', '0000-00-00 00:00:00', ''),
(58, 'teacher', 'kdkdkd', '0000-00-00 00:00:00', ''),
(59, 'teacher', 'dajiahao', '0000-00-00 00:00:00', ''),
(60, 'student', '老师好', '0000-00-00 00:00:00', ''),
(61, 'teacher', '同学们好.', '0000-00-00 00:00:00', ''),
(62, 'teacher', '你们好', '0000-00-00 00:00:00', ''),
(63, 'student', 'ISIS我要和十字军战斗到底！', '0000-00-00 00:00:00', ''),
(64, 'teacher', '', '0000-00-00 00:00:00', ''),
(65, 'teacher', 'sadf', '0000-00-00 00:00:00', ''),
(66, 'teacher', 'dfdf', '0000-00-00 00:00:00', ''),
(67, 'teacher', '哈哈哈', '0000-00-00 00:00:00', ''),
(68, 'teacher', '再试一次。', '2015-08-26 20:52:02', '2'),
(69, 'teacher', '哈哈', '2015-08-26 20:54:21', '2'),
(70, 'teacher', '你们好。', '2015-08-26 20:56:50', '2'),
(71, 'teacher', '开始上课。', '2015-08-26 20:57:44', '1'),
(72, 'student', '老师好。', '2015-08-26 20:58:22', '1'),
(73, '2', '老师好。', '2015-08-26 20:59:11', '2');

-- --------------------------------------------------------

--
-- 表的结构 `choice`
--

CREATE TABLE IF NOT EXISTS `choice` (
  `exerciseID` int(30) NOT NULL,
  `type` enum('danxuan','duoxuan','budingxiang') NOT NULL DEFAULT 'danxuan',
  `courseID` int(30) NOT NULL DEFAULT '0',
  `requirements` varchar(200) NOT NULL,
  `options` text NOT NULL,
  `answer` varchar(30) NOT NULL,
  `createPerson` int(30) NOT NULL,
  `createTime` datetime NOT NULL,
  `changeLog` text NOT NULL,
  PRIMARY KEY (`exerciseID`)
) ENGINE=InnoDB DEFAULT CHARSET=utf8;

--
-- 转存表中的数据 `choice`
--

INSERT INTO `choice` (`exerciseID`, `type`, `courseID`, `requirements`, `options`, `answer`, `createPerson`, `createTime`, `changeLog`) VALUES
(1, 'danxuan', 0, '现代汉语是现代汉民族所使用的语言，而作为语言它由三个要素所组成，下面的答案中不是语言三要素之一的是（）。', '语音$$词汇$$语法$$方言', 'C', 1, '2015-04-15 00:00:00', ''),
(2, 'danxuan', 0, '汉字形体的演变过程就是删繁就简，简略笔画，规范字形的过程，并逐渐形成了（ ）种字体。', '6种$$8种$$10种$$7种', 'A', 1, '2015-04-15 00:00:00', ''),
(3, 'danxuan', 0, '张三的大名是（）', '张大牛$$张二牛$$张三牛$$张思牛', 'C', 1, '2015-06-26 10:30:04', ''),
(4, 'danxuan', 0, '第四题', '1$$2$$3$$4', 'A', 0, '2015-07-03 10:33:50', '');

-- --------------------------------------------------------

--
-- 表的结构 `classsuite`
--

CREATE TABLE IF NOT EXISTS `classsuite` (
  `classID` varchar(30) NOT NULL,
  `suiteID` varchar(30) NOT NULL,
  `type` enum('exam','exercise','classwork','') NOT NULL,
  PRIMARY KEY (`classID`,`suiteID`)
) ENGINE=InnoDB DEFAULT CHARSET=utf8;

--
-- 转存表中的数据 `classsuite`
--

INSERT INTO `classsuite` (`classID`, `suiteID`, `type`) VALUES
('1', '1', 'exam');

-- --------------------------------------------------------

--
-- 表的结构 `classwork`
--

CREATE TABLE IF NOT EXISTS `classwork` (
  `suiteID` int(30) NOT NULL,
  `begintime` datetime NOT NULL,
  `endtime` datetime NOT NULL,
  `createTime` datetime NOT NULL,
  `createPerson` int(30) NOT NULL,
  PRIMARY KEY (`suiteID`)
) ENGINE=InnoDB DEFAULT CHARSET=utf8;

--
-- 转存表中的数据 `classwork`
--

INSERT INTO `classwork` (`suiteID`, `begintime`, `endtime`, `createTime`, `createPerson`) VALUES
(2, '2015-05-05 00:00:00', '2015-07-31 00:00:00', '0000-00-00 00:00:00', 1),
(7, '2015-05-05 00:00:00', '2015-07-01 00:00:00', '0000-00-00 00:00:00', 0),
(8, '2015-05-05 00:00:00', '2015-07-16 00:00:00', '0000-00-00 00:00:00', 0),
(10, '2015-05-05 23:59:59', '2015-07-31 00:00:00', '0000-00-00 00:00:00', 1);

-- --------------------------------------------------------

--
-- 表的结构 `class_exam`
--

CREATE TABLE IF NOT EXISTS `class_exam` (
  `classID` int(11) NOT NULL,
  `examID` int(11) NOT NULL,
  `open` tinyint(1) NOT NULL,
  `workID` int(11) NOT NULL DEFAULT '0',
  PRIMARY KEY (`workID`)
) ENGINE=InnoDB DEFAULT CHARSET=utf8;

--
-- 转存表中的数据 `class_exam`
--

INSERT INTO `class_exam` (`classID`, `examID`, `open`, `workID`) VALUES
(1, 8, 1, 12),
(1, 10, 1, 17),
(1, 11, 1, 22),
(1, 1, 1, 31),
(1, 5, 1, 32),
(1, 4, 1, 33),
(1, 2, 1, 34),
(2, 2, 1, 35),
(2, 1, 0, 36);

-- --------------------------------------------------------

--
-- 表的结构 `class_lesson_suite`
--

CREATE TABLE IF NOT EXISTS `class_lesson_suite` (
  `workID` int(11) NOT NULL DEFAULT '0',
  `suiteID` int(30) NOT NULL,
  `lessonID` int(30) NOT NULL,
  `classID` int(30) NOT NULL,
  `open` tinyint(1) DEFAULT NULL,
  PRIMARY KEY (`workID`)
) ENGINE=InnoDB DEFAULT CHARSET=utf8;

--
-- 转存表中的数据 `class_lesson_suite`
--

INSERT INTO `class_lesson_suite` (`workID`, `suiteID`, `lessonID`, `classID`, `open`) VALUES
(5, 8, 2, 1, 1),
(12, 8, 1, 1, 1),
(15, 2, 2, 1, 1),
(16, 1, 2, 1, 1),
(17, 10, 2, 1, 1),
(18, 11, 2, 1, 1),
(22, 11, 1, 1, 1),
(23, 5, 4, 1, 1),
(27, 4, 2, 1, 1),
(28, 5, 2, 1, 1),
(31, 1, 1, 1, 1),
(32, 5, 1, 1, 1),
(33, 4, 1, 1, 1),
(34, 2, 1, 1, 1),
(35, 2, 3, 2, 1),
(36, 1, 3, 2, 0),
(37, 1, 3, 1, 1);

-- --------------------------------------------------------

--
-- 表的结构 `course`
--

CREATE TABLE IF NOT EXISTS `course` (
  `courseID` int(30) NOT NULL,
  `courseName` varchar(30) NOT NULL,
  `createPerson` int(30) NOT NULL,
  `createTime` datetime NOT NULL,
  `changeLog` text NOT NULL,
  PRIMARY KEY (`courseID`)
) ENGINE=InnoDB DEFAULT CHARSET=utf8;

--
-- 转存表中的数据 `course`
--

INSERT INTO `course` (`courseID`, `courseName`, `createPerson`, `createTime`, `changeLog`) VALUES
(1, '初级课程', 0, '2015-06-26 00:00:00', ''),
(2, '中级课程', 0, '2015-06-26 00:00:00', ''),
(3, '高级课程', 0, '2015-06-26 00:00:00', '');

-- --------------------------------------------------------

--
-- 表的结构 `exam`
--

CREATE TABLE IF NOT EXISTS `exam` (
  `examID` int(30) NOT NULL,
  `examName` varchar(60) NOT NULL,
  `begintime` datetime NOT NULL,
  `endtime` datetime NOT NULL,
  `createTime` datetime NOT NULL,
  `createPerson` int(30) NOT NULL,
  `duration` int(11) DEFAULT NULL,
  PRIMARY KEY (`examID`)
) ENGINE=InnoDB DEFAULT CHARSET=utf8;

--
-- 转存表中的数据 `exam`
--

INSERT INTO `exam` (`examID`, `examName`, `begintime`, `endtime`, `createTime`, `createPerson`, `duration`) VALUES
(1, '单元测试一', '2015-07-08 10:00:00', '2015-07-08 23:30:00', '2015-07-05 00:00:00', 1, 750),
(2, '单元测试二', '2015-07-31 10:10:12', '2015-07-31 10:10:12', '2015-07-31 10:10:12', 1, 0),
(4, '单元测试四', '2015-07-08 10:00:00', '2015-07-08 23:30:00', '2015-07-05 00:00:00', 1, 750),
(5, '单元测试七', '2015-09-06 15:58:21', '2015-09-06 15:58:21', '2015-09-06 15:58:21', 1, 0),
(8, '单元测试三', '2015-07-08 10:00:00', '2015-07-08 23:30:00', '2015-07-05 00:00:00', 1, 750),
(10, '单元测试六', '2015-07-08 10:00:00', '2015-07-08 23:30:00', '2015-07-05 00:00:00', 1, 750),
(11, '单元测试八', '2015-07-08 10:00:00', '2015-07-08 23:30:00', '2015-07-05 00:00:00', 1, 750),
(12, '单元测试九', '2015-07-08 10:00:00', '2015-07-08 23:30:00', '2015-07-05 00:00:00', 1, 750);

-- --------------------------------------------------------

--
-- 表的结构 `exam_exercise`
--

CREATE TABLE IF NOT EXISTS `exam_exercise` (
  `examID` int(30) NOT NULL,
  `exerciseID` int(30) NOT NULL,
  `type` enum('look','listen','key','choice','filling','question') NOT NULL,
  `score` int(2) NOT NULL,
  `time` int(6) NOT NULL DEFAULT '0',
  PRIMARY KEY (`examID`,`exerciseID`,`type`)
) ENGINE=InnoDB DEFAULT CHARSET=utf8;

--
-- 转存表中的数据 `exam_exercise`
--

INSERT INTO `exam_exercise` (`examID`, `exerciseID`, `type`, `score`, `time`) VALUES
(1, 1, 'look', 0, 0),
(1, 1, 'listen', 0, 0),
(1, 1, 'key', 0, 0),
(1, 1, 'choice', 0, 0),
(1, 1, 'filling', 0, 0),
(1, 1, 'question', 0, 0),
(1, 2, 'listen', 0, 0),
(1, 2, 'key', 0, 0),
(1, 2, 'choice', 0, 0),
(1, 2, 'filling', 0, 0),
(1, 3, 'look', 0, 0),
(1, 3, 'listen', 0, 0),
(1, 3, 'key', 0, 0),
(1, 3, 'choice', 0, 0),
(1, 4, 'key', 0, 0),
(1, 7, 'choice', 0, 0),
(1, 14, 'choice', 0, 0),
(1, 20, 'choice', 0, 0),
(1, 21, 'choice', 0, 0),
(1, 22, 'choice', 0, 0),
(1, 22, 'question', 0, 0),
(1, 23, 'choice', 0, 0),
(1, 26, 'key', 0, 0),
(1, 27, 'key', 0, 0),
(1, 29, 'key', 0, 0),
(1, 30, 'key', 0, 0),
(1, 31, 'key', 0, 0),
(2, 1, 'look', 0, 0),
(2, 1, 'listen', 0, 0),
(2, 1, 'key', 0, 0),
(2, 1, 'choice', 0, 0),
(2, 1, 'filling', 0, 0),
(2, 1, 'question', 0, 0),
(2, 2, 'look', 0, 0),
(2, 3, 'listen', 0, 0),
(3, 1, 'listen', 0, 0),
(3, 2, 'listen', 0, 0),
(4, 1, 'choice', 0, 0),
(5, 1, 'choice', 0, 0),
(7, 1, 'look', 0, 0),
(7, 1, 'listen', 0, 0),
(7, 1, 'key', 0, 0),
(7, 1, 'filling', 0, 0),
(7, 2, 'listen', 0, 0),
(7, 2, 'key', 0, 0),
(7, 2, 'choice', 0, 0),
(8, 1, 'look', 0, 0),
(8, 1, 'key', 0, 0),
(8, 1, 'filling', 0, 0),
(8, 1, 'question', 0, 0),
(8, 2, 'listen', 0, 0),
(13, 1, 'choice', 0, 0),
(13, 2, 'choice', 0, 0),
(13, 3, 'choice', 0, 0),
(13, 5, 'choice', 0, 0),
(13, 14, 'choice', 0, 0),
(13, 17, 'choice', 0, 0),
(13, 18, 'choice', 0, 0),
(13, 19, 'choice', 0, 0),
(15, 1, 'choice', 0, 0),
(15, 1, 'filling', 0, 0),
(15, 2, 'choice', 0, 0),
(15, 3, 'choice', 0, 0),
(22, 1, 'choice', 0, 0),
(22, 2, 'choice', 0, 0);

-- --------------------------------------------------------

--
-- 表的结构 `exam_record`
--

CREATE TABLE IF NOT EXISTS `exam_record` (
  `recordID` varchar(30) NOT NULL,
  `ratio_accomplish` float NOT NULL DEFAULT '0',
  `ratio_correct` float NOT NULL DEFAULT '0',
  `createPerson` int(30) NOT NULL,
  `createTime` datetime NOT NULL,
  `workID` int(11) DEFAULT NULL,
  `score` int(11) DEFAULT NULL,
  `modifyTime` datetime DEFAULT NULL,
  `studentID` int(11) DEFAULT NULL,
  PRIMARY KEY (`recordID`)
) ENGINE=InnoDB DEFAULT CHARSET=utf8;

--
-- 转存表中的数据 `exam_record`
--

INSERT INTO `exam_record` (`recordID`, `ratio_accomplish`, `ratio_correct`, `createPerson`, `createTime`, `workID`, `score`, `modifyTime`, `studentID`) VALUES
('2566125580', 0.8, 0.85, 0, '2015-05-25 23:02:05', 31, 85, '1899-11-30 00:00:00', 10),
('2732231190', 0.6, 0.8, 0, '2015-05-27 21:10:31', 24, 60, '0000-00-00 00:00:00', 10),
('2732451644', 0.3, 0.8, 0, '2015-05-27 21:14:11', 30, 40, '0000-00-00 00:00:00', 10),
('5485296065', 0, 0, 0, '2015-06-28 17:54:56', NULL, 0, '0000-00-00 00:00:00', 10),
('5502287245', 0, 0, 0, '2015-06-28 22:38:07', NULL, 0, '0000-00-00 00:00:00', 10),
('6759597211', 1, 0, 0, '2015-07-13 11:53:17', NULL, 0, '0000-00-00 00:00:00', 4),
('7465077556', 1, 0, 0, '2015-07-21 15:51:17', 15, 0, '0000-00-00 00:00:00', 3),
('7472972378', 0, 0, 0, '2015-07-21 18:02:52', 15, 0, '0000-00-00 00:00:00', 4),
('7729586059', 0, 0, 0, '2015-07-24 17:19:46', 30, 0, '0000-00-00 00:00:00', 20),
('7960135124', 0, 0, 0, '2015-07-27 09:22:15', 30, 0, '0000-00-00 00:00:00', 0),
('7962646268', 0, 0, 0, '2015-07-27 10:04:06', 12, 0, '0000-00-00 00:00:00', 0),
('7983371525', 1, 0, 0, '2015-07-27 15:49:31', 30, 0, '0000-00-00 00:00:00', 1),
('8069131291', 1, 0, 0, '2015-07-28 15:38:51', 31, 0, '0000-00-00 00:00:00', 2),
('8069131292', 1, 0, 0, '2015-07-28 15:38:51', 16, 0, '0000-00-00 00:00:00', 3),
('8069131293', 1, 0, 0, '2015-07-28 15:38:51', 31, 0, '0000-00-00 00:00:00', 4),
('8069131294', 1, 0, 0, '2015-07-28 15:38:51', 31, 0, '0000-00-00 00:00:00', 5),
('8069131295', 1, 0, 0, '2015-07-28 15:38:51', 31, 0, '0000-00-00 00:00:00', 6),
('8069131296', 0, 0, 0, '2015-07-28 15:38:51', 31, 0, '0000-00-00 00:00:00', 7),
('8069131299', 1, 0, 0, '2015-07-28 15:38:51', 15, 0, '0000-00-00 00:00:00', 2);

-- --------------------------------------------------------

--
-- 表的结构 `filling`
--

CREATE TABLE IF NOT EXISTS `filling` (
  `exerciseID` int(30) NOT NULL,
  `courseID` int(30) NOT NULL DEFAULT '0',
  `requirements` text NOT NULL,
  `answer` varchar(100) NOT NULL,
  `createPerson` int(30) NOT NULL,
  `createTime` datetime NOT NULL,
  `changeLog` text NOT NULL,
  PRIMARY KEY (`exerciseID`)
) ENGINE=InnoDB DEFAULT CHARSET=utf8;

--
-- 转存表中的数据 `filling`
--

INSERT INTO `filling` (`exerciseID`, `courseID`, `requirements`, `answer`, `createPerson`, `createTime`, `changeLog`) VALUES
(1, 0, '汉字形体的演变过程就是删繁就简，简略笔画，规范字形的过程，并逐渐形成了（）种字体。', '6', 1, '2015-04-08 00:00:00', '');

-- --------------------------------------------------------

--
-- 表的结构 `key_type`
--

CREATE TABLE IF NOT EXISTS `key_type` (
  `exerciseID` int(30) NOT NULL,
  `courseID` int(30) NOT NULL DEFAULT '0',
  `title` varchar(30) NOT NULL,
  `content` text NOT NULL,
  `createPerson` int(30) NOT NULL,
  `createTime` datetime NOT NULL,
  `changeLog` text NOT NULL,
  PRIMARY KEY (`exerciseID`)
) ENGINE=InnoDB DEFAULT CHARSET=utf8;

--
-- 转存表中的数据 `key_type`
--

INSERT INTO `key_type` (`exerciseID`, `courseID`, `title`, `content`, `createPerson`, `createTime`, `changeLog`) VALUES
(1, 1, '键位练习一', 'A:A A:N A:A A:N A:A A:A A:A A:A A:A N:N N:N N:N N:N N:N N:N I:I I:I W:W A:N', 1, '2015-04-15 00:00:00', ''),
(2, 0, '键位练习二', 'A: N: I: G: D: :D :G :I :N :A O: E: :E U: :U W: :W Z: :O X: :U B: :W X: :B :Z :W Z: :G G: :I U: :U I: :N N: :A E: :E O: :N A: :GIN :ZWUE DGI: ZWU: X:XB INAO: D:DG', 0, '0000-00-00 00:00:00', ''),
(3, 0, '键位练习三', '哭啊   阿姨   把握   恶霸   怕事   不怕   麻痹  打骂\n    法人   惩罚   打击   厮打   它的   崩塌   那个  捕拿   \n    拉扯   毒辣   挣扎   扎实   刹那   审查   杀人  他杀\n    砸锅   错杂   擦试   磨擦   撒泼   拉萨   嘎吧  卡车\n    大卡   哈气   哈哈   剥夺   批驳   侦破   迫使  默认 \n    冷漠   活佛   佛事   堕落   争夺   托付   不妥  懦弱 \n    承诺   落成   发落   捉住   活捉   戳破   阔绰  说服 \n    实说   若是   薄弱   制作   作出   挫折   差错  所以\n    住所   国法   苦果   阔气   叙阔   捕获   祸根', 0, '0000-00-00 00:00:00', ''),
(4, 0, '键位练习四', '积极	七七	细细	及其	奇迹\r\n气息	吸气	袭击	积习', 0, '0000-00-00 00:00:00', '');

-- --------------------------------------------------------

--
-- 表的结构 `lesson`
--

CREATE TABLE IF NOT EXISTS `lesson` (
  `lessonID` int(30) NOT NULL,
  `classID` int(30) NOT NULL,
  `number` int(4) NOT NULL,
  `lessonName` varchar(30) NOT NULL,
  `courseID` int(30) NOT NULL,
  `createPerson` int(30) NOT NULL,
  `createTime` datetime NOT NULL,
  PRIMARY KEY (`lessonID`)
) ENGINE=InnoDB DEFAULT CHARSET=utf8;

--
-- 转存表中的数据 `lesson`
--

INSERT INTO `lesson` (`lessonID`, `classID`, `number`, `lessonName`, `courseID`, `createPerson`, `createTime`) VALUES
(1, 1, 1, '第一课', 1, 0, '0000-00-00 00:00:00'),
(2, 1, 2, '第二课', 1, 0, '0000-00-00 00:00:00'),
(3, 2, 1, '提高班 第一课', 3, 0, '0000-00-00 00:00:00'),
(4, 1, 3, '第三课', 1, 0, '2015-07-03 10:43:38');

-- --------------------------------------------------------

--
-- 表的结构 `listen_type`
--

CREATE TABLE IF NOT EXISTS `listen_type` (
  `exerciseID` int(30) NOT NULL,
  `courseID` int(30) NOT NULL DEFAULT '0',
  `content` text NOT NULL,
  `filePath` varchar(30) NOT NULL,
  `fileName` varchar(30) NOT NULL,
  `title` varchar(30) NOT NULL,
  `createPerson` int(30) NOT NULL,
  `createTime` datetime NOT NULL,
  `changeLog` text NOT NULL,
  PRIMARY KEY (`exerciseID`)
) ENGINE=InnoDB DEFAULT CHARSET=utf8;

--
-- 转存表中的数据 `listen_type`
--

INSERT INTO `listen_type` (`exerciseID`, `courseID`, `content`, `filePath`, `fileName`, `title`, `createPerson`, `createTime`, `changeLog`) VALUES
(1, 0, '  有一年春天，在欧洲瑞士的一个车站，一列漂亮舒适的空调列车正在准备启程，站台上站满了送行的人。他们送的是一批特殊的客人——燕子。燕子是候鸟，能长途飞行，怎么还用专列送呢？  事情是这样的：这年春天，成千上万的燕子从南方飞回北方时，在瑞士境内遇到了麻烦。当地气温骤降，风雪不止，几乎所有昆虫都被冻死了。燕子经过长途跋涉，已经非常疲劳，加上找不到食物，饥寒交迫，濒临死亡。瑞士政府知道了这个情况，决定用火车把燕子送到温暖的地方。  于是，政府通过电视和广播呼吁人们立即行动起来，寻找燕子，把它们送到火车站。听到消息后，居民们纷纷走出家门，冒着料峭的春寒，顶着满天飞舞的大雪，踏着冻得坚硬的山路，四处寻找冻僵的燕子。  一个叫贝蒂的小姑娘，听到广播后，和爸爸妈妈一起，在覆盖这皑皑白雪的山间岩缝里，寻找冻僵的燕子。一天下来，她一个人就救护了十几只燕子。她的脸冻得通红，手冻得僵硬，但她一点也不在乎。  列车开动了。载着燕子的列车，带着人类的友情驶向远方。燕子在车厢里叽叽喳喳，仿佛在向人类致谢。', '/人教版课文朗读小学语文第六册/', '燕子专列.mp3', '燕子专列', 1, '2015-04-07 00:00:00', ''),
(2, 0, '“中国万岁！”这是阿尔及利亚群众在送别中国国际救援队时，发自内心的祝愿。　　2003年当地时间5月21日19时45分，阿尔及利亚北部地区发生里氏6.2级地震，造成两千二百多人死亡，一万多人受伤。震后，中国政府立即向阿尔及利亚派出由30人组成的救援队。　　经过14个小时的长途飞行，中国国际救援队到达阿尔及利亚首都。他们一下飞机，就赶往受灾最严重的布迈尔代斯。来到这座城市，展现在救援队员面前的是一片悲惨景象：房倒屋塌，失去亲人的大人、孩子在哭泣，空气中弥漫着尸体腐烂后散发的臭气。倒塌后的房屋大都呈“叠饼状”，加上余震还在不断发生，给救援工作造成很大困难。他们一下车，就迅速投入救援工作。有的队员用声波探测仪仔细地搜索着每一条缝隙，细心地捕捉着废墟里发出的声音；有的队员操作液压钳，剪断纵横交错的一根根钢筋，搜寻着压在废墟下的幸存者……当时气温高达34摄氏度，队员们穿着厚厚的防护服，汗水把衣服浸透了，队员们仍然坚持战斗。　　在这次救援中，有一个特殊队员——搜索犬“超强”，成了人们交口称赞的“救灾明星”。5月24日，中国国际救援队得到信息：有个儿童下落不明，可能仍被埋在废墟里，希望能够协助救援。虽然这个地方不属于中国国际救援队的负责范围，但为了抢救孩子的生命，中国国际救援队还是派出部分队员前往救援。他们带着搜索犬“超强”在废墟中来回搜索。突然，“超强”冲着一条水泥板夹缝狂吠不止，大家兴奋地喊道：“找到了！找到了！”救援队员在“超强”的引导下，看到了废墟中有一只隐隐活动的胳膊。经过一番紧张的援救，在废墟中挣扎了三天的一名男孩终于被救了出来。当地群众对中国国际救援队感激不尽，搜索犬“超强”也因此在当地闻名遐迩。　　5月29日，中国国际救援队圆满完成了抢险救援任务，载誉返回祖国。', '/人教版课文朗读小学语文第六册/', '中国国际救援队.mp3', '中国国际救援队', 1, '2015-04-09 00:00:00', ''),
(3, 0, 'ddd', '', 'Maid with the Flaxen Hair.mp3', 'test', 0, '2015-06-26 09:43:50', ''),
(4, 0, '测试测试', '', 'Sleep Away.mp3', '测试3', 0, '2015-07-03 10:38:33', ''),
(5, 0, 'kalimba', 'admin/001/', '斗仙.mp3', 'ttt', 0, '2015-08-26 15:38:36', ''),
(6, 0, '驿站逍遥', 'admin/001/', 'Sleep Away.mp3', '逍遥', 0, '2015-08-26 15:39:12', '');

-- --------------------------------------------------------

--
-- 表的结构 `look_type`
--

CREATE TABLE IF NOT EXISTS `look_type` (
  `exerciseID` int(30) NOT NULL,
  `courseID` int(30) NOT NULL DEFAULT '0',
  `title` varchar(30) NOT NULL,
  `content` text NOT NULL,
  `createPerson` int(30) NOT NULL,
  `createTime` datetime NOT NULL,
  `changeLog` text NOT NULL,
  PRIMARY KEY (`exerciseID`)
) ENGINE=InnoDB DEFAULT CHARSET=utf8;

--
-- 转存表中的数据 `look_type`
--

INSERT INTO `look_type` (`exerciseID`, `courseID`, `title`, `content`, `createPerson`, `createTime`, `changeLog`) VALUES
(1, 0, '钱塘江大潮', '钱塘江大潮，自古以来被称为天下奇观。农历八月十八是一年一度的观潮日。这一天早上，我们来到了海宁县的盐官镇，据说这里是观潮最好的地方。我们随着观潮的人群，登上了海塘大堤。宽阔的钱塘江横卧在眼前。江面很平静，越往东越宽，在雨后的阳光下，笼罩着一层蒙蒙的薄雾。镇海的古塔、中山亭和观潮台屹立在江边。远处，几座小山在云雾中若隐若现。江潮还没有来，海塘大堤上早已人山人海。大家昂首东望，等着，盼着。午后一点左右，从远处传来隆隆的响声，好像闷雷滚动。顿时人声鼎沸，有人告诉我们，潮来了！我们踮着脚往东望去，江面还是风平浪静，看不出有什么变化。过了一会儿，响声越来越大，只见东边水天相接的地方出现了一条白线，人群又沸腾起来。那条白线很快地向我们移来，逐渐拉长，变粗，横贯江面，再近些，只见白浪翻滚，形成一道两丈多高的水墙。浪潮越来越近，犹如千万匹白色战马齐头并进，浩浩荡荡地飞奔而来；那声音如同山崩地裂，好像大地都被震得颤动起来。霎时，潮头奔腾西去，可是余波还在漫天卷地涌来，江面上依旧风号浪吼。过了好久，钱塘江才恢复了平静。看看堤下，江水已经涨了两丈来高了。', 1, '2015-04-15 00:00:00', ''),
(2, 0, '植树节', '    1985年的植树节是个令人难忘的日子。    这天，万里无云春风拂面。在天坛公园植树的人群里，81岁高龄的邓小平爷爷格外引人注目。只见他手握铁锹，兴致勃勃地挖着树坑，额头已经布满汗珠，仍不肯休息。    一个树坑挖好了，邓爷爷挑选了一棵柏树苗，小心地移人树坑，又挥锹填了几锹土，他站到几步以外仔细看看，觉得不很直，连声说：“不行，不行！”又走上前把树苗扶正。', 1, '2015-04-07 00:00:00', ''),
(3, 0, '李其炎出席第四届大城市首脑会议', '    据新华社柏林5月16日电 第四届世界大城市首脑会议，今天在柏林市议会的会议大厅隆重开幕。来自世界五大洲27座大城市的市长或副市长以及城市发展问题专家近300人出席了会议。   北京市政府代表团团长、市长李其炎将在会上就市政管理和发展问题发表讲话。    世界大城市首脑会议始于1985年，每3年召开一次会议。前3届分别在东京、伊斯坦布尔和蒙特利尔举行。', 0, '0000-00-00 00:00:00', ''),
(4, 0, 'test', 'test1', 0, '2015-06-26 09:37:46', ''),
(5, 0, 'test', 'test', 0, '2015-06-26 09:39:51', '');

-- --------------------------------------------------------

--
-- 表的结构 `question`
--

CREATE TABLE IF NOT EXISTS `question` (
  `exerciseID` int(30) NOT NULL,
  `courseID` int(30) NOT NULL DEFAULT '0',
  `requirements` varchar(200) NOT NULL,
  `answer` text NOT NULL,
  `createPerson` int(30) NOT NULL,
  `createTime` datetime NOT NULL,
  `changeLog` text NOT NULL,
  PRIMARY KEY (`exerciseID`)
) ENGINE=InnoDB DEFAULT CHARSET=utf8;

--
-- 转存表中的数据 `question`
--

INSERT INTO `question` (`exerciseID`, `courseID`, `requirements`, `answer`, `createPerson`, `createTime`, `changeLog`) VALUES
(1, 0, '学速录有什么要求？', '1、热爱速录职业\r\n2、身体健康\r\n3、十指健全\r\n4、有一定的学习时间\r\n5、会汉语拼音\r\n6、文化水平。', 1, '2015-04-08 00:00:00', ''),
(2, 0, '当当', '', 0, '2015-08-06 14:20:53', '');

-- --------------------------------------------------------

--
-- 表的结构 `resourse`
--

CREATE TABLE IF NOT EXISTS `resourse` (
  `resourseID` varchar(30) NOT NULL,
  `lessonID` int(30) NOT NULL,
  `type` enum('video','ppt') NOT NULL,
  `name` text NOT NULL,
  `path` text NOT NULL
) ENGINE=InnoDB DEFAULT CHARSET=utf8;

-- --------------------------------------------------------

--
-- 表的结构 `student`
--

CREATE TABLE IF NOT EXISTS `student` (
  `userID` varchar(30) NOT NULL,
  `userName` varchar(30) NOT NULL,
  `password` varchar(30) NOT NULL,
  `classID` int(30) NOT NULL,
  `is_delete` tinyint(1) NOT NULL,
  PRIMARY KEY (`userID`)
) ENGINE=InnoDB DEFAULT CHARSET=utf8;

--
-- 转存表中的数据 `student`
--

INSERT INTO `student` (`userID`, `userName`, `password`, `classID`, `is_delete`) VALUES
('1', 'student', '000', 1, 0),
('13', '13', '000', 1, 0),
('19', 'rty', 'rty', 0, 1),
('2', '2', '2', 2, 0),
('20', 'student2', '000', 1, 0),
('21', 'student3', '000', 2, 0),
('22', '22', '22', 2, 0),
('23', '23', '23', 2, 0),
('25', 'asf', 'asd', 2, 0),
('27', 'ad', 'as', 1, 0),
('29', 'asd', 'as', 1, 0);

-- --------------------------------------------------------

--
-- 表的结构 `suite`
--

CREATE TABLE IF NOT EXISTS `suite` (
  `suiteID` int(30) NOT NULL,
  `suiteName` varchar(60) NOT NULL,
  `suiteType` enum('exam','exercise','classwork') NOT NULL DEFAULT 'exercise',
  `createTime` datetime NOT NULL,
  `createPerson` int(30) NOT NULL,
  PRIMARY KEY (`suiteID`)
) ENGINE=InnoDB DEFAULT CHARSET=utf8;

--
-- 转存表中的数据 `suite`
--

INSERT INTO `suite` (`suiteID`, `suiteName`, `suiteType`, `createTime`, `createPerson`) VALUES
(1, '第一课基础练习1', 'exercise', '2015-04-14 00:00:00', 1),
(2, '基础班第一次课堂作业', 'classwork', '2015-04-15 00:00:00', 1),
(3, '课堂练习1', 'exercise', '0000-00-00 00:00:00', 1),
(4, '练习二', 'exercise', '0000-00-00 00:00:00', 1),
(5, '打字基础-课堂练习', 'exercise', '0000-00-00 00:00:00', 2),
(6, '第一课基础练习2', 'exercise', '0000-00-00 00:00:00', 0),
(7, '基础班第二次课堂作业', 'classwork', '0000-00-00 00:00:00', 0),
(8, '基础班第三次课堂作业', 'classwork', '0000-00-00 00:00:00', 0),
(9, '第二课基础练习1', 'exercise', '0000-00-00 00:00:00', 0),
(10, '课堂练习', 'classwork', '2015-07-03 10:43:38', 0),
(11, '自我练习', 'exercise', '2015-07-03 10:43:38', 0);

-- --------------------------------------------------------

--
-- 表的结构 `suite_exercise`
--

CREATE TABLE IF NOT EXISTS `suite_exercise` (
  `suiteID` int(30) NOT NULL,
  `exerciseID` int(30) NOT NULL,
  `type` enum('look','listen','key','choice','filling','question') NOT NULL,
  PRIMARY KEY (`suiteID`,`exerciseID`,`type`)
) ENGINE=InnoDB DEFAULT CHARSET=utf8;

--
-- 转存表中的数据 `suite_exercise`
--

INSERT INTO `suite_exercise` (`suiteID`, `exerciseID`, `type`) VALUES
(1, 1, 'look'),
(1, 1, 'listen'),
(1, 1, 'key'),
(1, 1, 'choice'),
(1, 1, 'filling'),
(1, 1, 'question'),
(1, 2, 'look'),
(1, 2, 'listen'),
(1, 2, 'key'),
(1, 2, 'choice'),
(1, 3, 'look'),
(1, 3, 'listen'),
(1, 3, 'key'),
(2, 1, 'look'),
(2, 1, 'listen'),
(2, 1, 'key'),
(2, 1, 'choice'),
(2, 1, 'filling'),
(2, 1, 'question'),
(2, 2, 'look'),
(2, 3, 'listen'),
(3, 1, 'listen'),
(3, 2, 'listen'),
(7, 1, 'look'),
(7, 1, 'listen'),
(7, 1, 'key'),
(7, 1, 'filling'),
(7, 2, 'listen'),
(7, 2, 'key'),
(7, 2, 'choice'),
(8, 1, 'look'),
(8, 1, 'key'),
(8, 1, 'filling'),
(8, 1, 'question'),
(8, 2, 'listen');

-- --------------------------------------------------------

--
-- 表的结构 `suite_record`
--

CREATE TABLE IF NOT EXISTS `suite_record` (
  `recordID` varchar(30) NOT NULL DEFAULT '000',
  `workID` int(30) NOT NULL,
  `ratio_accomplish` float NOT NULL DEFAULT '0',
  `ratio_correct` float NOT NULL DEFAULT '0',
  `score` int(3) NOT NULL DEFAULT '0',
  `studentID` int(30) NOT NULL,
  `createTime` datetime NOT NULL,
  `modifyTime` datetime NOT NULL,
  PRIMARY KEY (`recordID`),
  UNIQUE KEY `recordID` (`recordID`)
) ENGINE=InnoDB DEFAULT CHARSET=utf8;

--
-- 转存表中的数据 `suite_record`
--

INSERT INTO `suite_record` (`recordID`, `workID`, `ratio_accomplish`, `ratio_correct`, `score`, `studentID`, `createTime`, `modifyTime`) VALUES
('2566125580', 1, 0.8, 0.85, 85, 10, '2015-05-25 23:02:05', '2015-06-29 20:52:16'),
('2732231190', 4, 0.6, 0.8, 60, 10, '2015-05-27 21:10:31', '2015-05-27 21:10:31'),
('2732451644', 2, 0.3, 0.8, 40, 10, '2015-05-27 21:14:11', '2015-06-19 10:23:06'),
('5485296065', 7, 0, 0, 0, 10, '2015-06-28 17:54:56', '2015-06-29 21:17:05'),
('5502287245', 3, 0, 0, 0, 10, '2015-06-28 22:38:07', '2015-06-29 20:52:48'),
('6406027094', 7, 0, 0, 0, 1, '2015-07-09 09:40:27', '2015-07-18 16:57:32'),
('7015334687', 2, 0, 0, 0, 1, '2015-07-16 10:55:34', '2015-08-03 21:51:09'),
('7296143170', 8, 0, 0, 0, 1, '2015-07-19 16:55:43', '2015-07-19 16:55:54'),
('8585519034', 1, 0, 0, 0, 1, '2015-08-03 15:05:19', '2015-08-03 15:05:19');

-- --------------------------------------------------------

--
-- 表的结构 `tb_class`
--

CREATE TABLE IF NOT EXISTS `tb_class` (
  `classID` int(30) NOT NULL,
  `className` varchar(30) NOT NULL,
  `currentCourse` int(30) NOT NULL,
  `currentLesson` int(30) NOT NULL,
  PRIMARY KEY (`classID`)
) ENGINE=InnoDB DEFAULT CHARSET=utf8;

--
-- 转存表中的数据 `tb_class`
--

INSERT INTO `tb_class` (`classID`, `className`, `currentCourse`, `currentLesson`) VALUES
(1, '一班', 1, 2),
(2, '二班', 3, 1);

-- --------------------------------------------------------

--
-- 表的结构 `teacher`
--

CREATE TABLE IF NOT EXISTS `teacher` (
  `userID` int(30) NOT NULL,
  `userName` varchar(30) NOT NULL,
  `password` varchar(30) NOT NULL,
  `is_delete` tinyint(1) NOT NULL,
  PRIMARY KEY (`userID`)
) ENGINE=InnoDB DEFAULT CHARSET=utf8;

--
-- 转存表中的数据 `teacher`
--

INSERT INTO `teacher` (`userID`, `userName`, `password`, `is_delete`) VALUES
(1, 'teacher', '000', 0),
(5, '张三', 'shi123', 0);

-- --------------------------------------------------------

--
-- 表的结构 `teacher_class`
--

CREATE TABLE IF NOT EXISTS `teacher_class` (
  `teacherID` int(30) NOT NULL,
  `classID` int(30) NOT NULL,
  `remark` varchar(30) NOT NULL,
  PRIMARY KEY (`teacherID`,`classID`)
) ENGINE=InnoDB DEFAULT CHARSET=utf8;

--
-- 转存表中的数据 `teacher_class`
--

INSERT INTO `teacher_class` (`teacherID`, `classID`, `remark`) VALUES
(1, 1, ''),
(1, 2, ''),
(2, 1, ''),
(2, 2, ''),
(5, 1, '');

-- --------------------------------------------------------

--
-- 表的结构 `user`
--

CREATE TABLE IF NOT EXISTS `user` (
  `username` varchar(30) NOT NULL,
  `sex` tinyint(1) NOT NULL,
  `age` tinyint(2) unsigned DEFAULT NULL,
  `userid` varchar(30) NOT NULL,
  `id_card` varchar(40) NOT NULL,
  `password` varchar(70) NOT NULL,
  `role` tinyint(1) NOT NULL,
  `show` tinyint(1) NOT NULL DEFAULT '1',
  `xueli` tinyint(1) NOT NULL,
  `tel` char(11) NOT NULL,
  `email` varchar(50) NOT NULL,
  `qq` varchar(20) NOT NULL,
  `address` varchar(200) NOT NULL,
  `mianmao` tinyint(1) NOT NULL,
  `img_small` varchar(128) NOT NULL,
  `img_big` varchar(128) NOT NULL,
  `xuehao` varchar(20) NOT NULL,
  PRIMARY KEY (`userid`),
  UNIQUE KEY `xuehao` (`userid`)
) ENGINE=InnoDB DEFAULT CHARSET=utf8;

--
-- 转存表中的数据 `user`
--

INSERT INTO `user` (`username`, `sex`, `age`, `userid`, `id_card`, `password`, `role`, `show`, `xueli`, `tel`, `email`, `qq`, `address`, `mianmao`, `img_small`, `img_big`, `xuehao`) VALUES
('abc', 0, NULL, '', '', 'abc', 0, 1, 0, '', '', '', '', 0, '', '', ''),
('superadmin', 0, NULL, 'af55465468', '11111111112211', '17c4520f6cfd1ab53d8745e84681eb49', 0, 0, 4, '', '', '', '', 0, '', '', ''),
('教师2', 1, 42, 'df32434546', '565564897987', 'dfgdfgfdgfdgd', 2, 1, 0, '', '', '', '', 0, '', '', ''),
('张某', 0, 23, 'df567575', '5687656468768698', '1c57e7f571ae6776108cc61ce8bba607', 1, 1, 4, '15652240452', 'zsl792519524@sina.com', '7995585', '江苏徐州', 1, '', 'img1.jpg', ''),
('教务2', 1, 52, 'dfg68686', '968989215465', '344654668786', 3, 1, 0, '', '', '', '', 0, '', '', ''),
('student', 0, 35, 'dsf787696', '1221321332432444', '670b14728ad9902aecba32e22fa4f6bd', 1, 1, 0, '', '', '', '', 0, '', '', ''),
('教务3', 0, 43, 'f4345456', '43534534634', 'dfgd345345345', 3, 1, 0, '', '', '', '', 0, '', '', ''),
('赵某', 0, 21, 'f676564', '66785745454', '67576567474', 1, 1, 0, '', '', '', '', 0, '', '', ''),
('教务1', 0, 46, 'ff455778989898', '3454867897', '879879889', 3, 0, 0, '', '', '', '', 0, '', '', ''),
('教师4', 1, 50, 'g435435435', '353465476576', '3534543654654', 2, 1, 0, '', '', '', '', 0, '', '', ''),
('teacher', 0, 36, 'g546456546', '12312433243345', '670b14728ad9902aecba32e22fa4f6bd', 2, 1, 0, '', '', '', '', 0, '', '', ''),
('教师3', 0, 45, 'gf67576565', '456675647564756', '556565656', 2, 1, 0, '', '', '', '', 0, '', '', ''),
('教师5', 0, 54, 'h7867676767', '6756757578567', '676676766767', 2, 0, 0, '', '', '', '', 0, '', '', ''),
('李某', 1, 19, 'kj23432432', '876788794656566847', 'c081f3ba795c98dc9821dc7db8d47797', 1, 1, 0, '', '', '', '', 0, '', '', '');

/*!40101 SET CHARACTER_SET_CLIENT=@OLD_CHARACTER_SET_CLIENT */;
/*!40101 SET CHARACTER_SET_RESULTS=@OLD_CHARACTER_SET_RESULTS */;
/*!40101 SET COLLATION_CONNECTION=@OLD_COLLATION_CONNECTION */;
